{
	"id": "e03cad20-3c71-fee6-dd15-58830462ce94",
	"name": "Treasure Hunt API",
	"description": null,
	"order": [
		"f5a1f843-7a38-86c8-3c2a-f43ec9c1f2ef",
		"3b139884-89ef-5f7e-17a4-472c34553979",
		"a8b5eddd-dabf-d56e-6fa1-804c6911a2fe",
		"1c5ae216-2137-70aa-446e-03a1f36015c5",
		"8205c64c-3def-169e-fcca-c06f4ca75c22",
		"4bdc7e54-64f8-c53f-6bc2-fd5bde3bfd8b",
		"47328b7f-5759-8c51-b512-4b3a874b1277",
		"06a13d72-dcc6-2e8e-ac07-672e720e7898",
		"de9f8076-7409-4905-ef8a-25ba07a9afd4",
		"fff44adf-1c54-6917-9696-c05f8f0a7a04",
		"1f0115c4-8264-b6c0-46c2-abe1b5e23f43"
	],
	"folders": [],
	"timestamp": 0,
	"owner": "1505313",
	"public": false,
	"requests": [
		{
			"folder": null,
			"id": "06a13d72-dcc6-2e8e-ac07-672e720e7898",
			"name": "Get Token",
			"dataMode": "raw",
			"data": [],
			"rawModeData": "{ \"teamid\": \"8724\"}",
			"descriptionFormat": "html",
			"description": "",
			"headers": "Content-Type: application/json\n",
			"method": "POST",
			"pathVariables": {},
			"url": "http://178.62.97.13/treasurehunt/api/gettoken",
			"preRequestScript": null,
			"tests": null,
			"currentHelper": "normal",
			"helperAttributes": "{}",
			"responses": [],
			"collectionId": "e03cad20-3c71-fee6-dd15-58830462ce94"
		},
		{
			"folder": null,
			"id": "1c5ae216-2137-70aa-446e-03a1f36015c5",
			"name": "Add QR Code",
			"dataMode": "raw",
			"data": [],
			"rawModeData": "{ \"qrcode\": \"test\" }",
			"descriptionFormat": "html",
			"description": "",
			"headers": "Content-Type: application/json\n",
			"method": "POST",
			"pathVariables": {},
			"url": "http://178.62.97.13/treasurehunt/api/addqrcode",
			"preRequestScript": null,
			"tests": null,
			"currentHelper": "normal",
			"helperAttributes": "{}",
			"responses": [],
			"collectionId": "e03cad20-3c71-fee6-dd15-58830462ce94"
		},
		{
			"id": "1f0115c4-8264-b6c0-46c2-abe1b5e23f43",
			"headers": "Content-Type: application/json\n",
			"url": "http://178.62.97.13/treasurehunt/api/getallteamscores",
			"pathVariables": {},
			"preRequestScript": null,
			"method": "POST",
			"collectionId": "e03cad20-3c71-fee6-dd15-58830462ce94",
			"data": [],
			"dataMode": "raw",
			"name": "Get All Team Scores",
			"description": "",
			"descriptionFormat": "html",
			"time": 1489618926514,
			"version": 2,
			"responses": [],
			"tests": null,
			"currentHelper": "normal",
			"helperAttributes": {},
			"rawModeData": "{ \"playername\":\"bgerard\", \"token\":\"eyJhbGciOiJIUzI1NiIsInR5cCI6IkpXVCJ9.eyJ0ZWFtX2lkIjoiODcyNCIsImlhdCI6MTQ4Nzc4MTU1NH0._CX6F8QKjUq4dxbnAtMjW45pHjRev4PEcsbOSWcoZAk\"}"
		},
		{
			"folder": null,
			"id": "3b139884-89ef-5f7e-17a4-472c34553979",
			"name": "Assign Team Leader",
			"dataMode": "raw",
			"data": [],
			"rawModeData": "{ \"teamid\": \"8724\", \"playername\": \"bgerard\" }",
			"descriptionFormat": "html",
			"description": "",
			"headers": "Content-Type: application/json\n",
			"method": "POST",
			"pathVariables": {},
			"url": "http://178.62.97.13/treasurehunt/api/assignteamleader",
			"preRequestScript": null,
			"tests": null,
			"currentHelper": "normal",
			"helperAttributes": "{}",
			"responses": [],
			"collectionId": "e03cad20-3c71-fee6-dd15-58830462ce94"
		},
		{
			"folder": null,
			"id": "47328b7f-5759-8c51-b512-4b3a874b1277",
			"name": "Update Player Location",
			"dataMode": "raw",
			"data": [],
			"rawModeData": "{ \"playername\": \"bgerard\", \"location\": \"test\",\"token\":\"eyJhbGciOiJIUzI1NiIsInR5cCI6IkpXVCJ9.eyJ0ZWFtX2lkIjoiODcyNCIsImlhdCI6MTQ4Nzc4MTU1NH0._CX6F8QKjUq4dxbnAtMjW45pHjRev4PEcsbOSWcoZAk\"}",
			"descriptionFormat": "html",
			"description": "",
			"headers": "Content-Type: application/json\n",
			"method": "POST",
			"pathVariables": {},
			"url": "http://178.62.97.13/treasurehunt/api/updateplayerlocation",
			"preRequestScript": null,
			"tests": null,
			"currentHelper": "normal",
			"helperAttributes": "{}",
			"responses": [],
			"collectionId": "e03cad20-3c71-fee6-dd15-58830462ce94"
		},
		{
			"folder": null,
			"id": "4bdc7e54-64f8-c53f-6bc2-fd5bde3bfd8b",
			"name": "Remove Player",
			"dataMode": "raw",
			"data": [],
			"rawModeData": "{\"playername\": \"bgerard\" }",
			"descriptionFormat": "html",
			"description": "",
			"headers": "Content-Type: application/json\n",
			"method": "DELETE",
			"pathVariables": {},
			"url": "http://178.62.97.13/treasurehunt/api/removeplayer",
			"preRequestScript": null,
			"tests": null,
			"currentHelper": "normal",
			"helperAttributes": "{}",
			"responses": [],
			"collectionId": "e03cad20-3c71-fee6-dd15-58830462ce94"
		},
		{
			"folder": null,
			"id": "8205c64c-3def-169e-fcca-c06f4ca75c22",
			"name": "Remove Team",
			"dataMode": "raw",
			"data": [],
			"rawModeData": "{ \"teamid\": \"1126\" }",
			"descriptionFormat": "html",
			"description": "",
			"headers": "Content-Type: application/json\n",
			"method": "DELETE",
			"pathVariables": {},
			"url": "http://178.62.97.13/treasurehunt/api/removeteam",
			"preRequestScript": null,
			"tests": null,
			"currentHelper": "normal",
			"helperAttributes": "{}",
			"responses": [],
			"collectionId": "e03cad20-3c71-fee6-dd15-58830462ce94"
		},
		{
			"folder": null,
			"id": "a8b5eddd-dabf-d56e-6fa1-804c6911a2fe",
			"name": "Join Team",
			"dataMode": "raw",
			"data": [],
			"rawModeData": "{ \"teamid\": \"8724\", \"playername\": \"bgerard2\" }",
			"descriptionFormat": "html",
			"description": "",
			"headers": "Content-Type: application/json\n",
			"method": "POST",
			"pathVariables": {},
			"url": "http://178.62.97.13/treasurehunt/api/jointeam",
			"preRequestScript": null,
			"tests": null,
			"currentHelper": "normal",
			"helperAttributes": "{}",
			"responses": [],
			"collectionId": "e03cad20-3c71-fee6-dd15-58830462ce94"
		},
		{
			"folder": null,
			"id": "de9f8076-7409-4905-ef8a-25ba07a9afd4",
			"name": "Update Team Score",
			"dataMode": "raw",
			"data": [],
			"rawModeData": "{ \"playername\":\"bgerard\", \"teamid\": \"8724\", \"token\":\"eyJhbGciOiJIUzI1NiIsInR5cCI6IkpXVCJ9.eyJ0ZWFtX2lkIjoiODcyNCIsImlhdCI6MTQ4Nzc4MTU1NH0._CX6F8QKjUq4dxbnAtMjW45pHjRev4PEcsbOSWcoZAk\", \"score\":\"1\"}",
			"descriptionFormat": "html",
			"description": "",
			"headers": "Content-Type: application/json\n",
			"method": "POST",
			"pathVariables": {},
			"url": "http://178.62.97.13/treasurehunt/api/updateteamscore",
			"preRequestScript": null,
			"tests": null,
			"currentHelper": "normal",
			"helperAttributes": "{}",
			"responses": [],
			"collectionId": "e03cad20-3c71-fee6-dd15-58830462ce94"
		},
		{
			"folder": null,
			"id": "f5a1f843-7a38-86c8-3c2a-f43ec9c1f2ef",
			"name": "Create Team",
			"dataMode": "params",
			"data": null,
			"rawModeData": null,
			"descriptionFormat": "html",
			"description": "",
			"headers": "",
			"method": "POST",
			"pathVariables": {},
			"url": "http://178.62.97.13/treasurehunt/api/createteam",
			"preRequestScript": null,
			"tests": null,
			"currentHelper": "normal",
			"helperAttributes": "{}",
			"responses": [],
			"collectionId": "e03cad20-3c71-fee6-dd15-58830462ce94"
		},
		{
			"folder": null,
			"id": "fff44adf-1c54-6917-9696-c05f8f0a7a04",
			"name": "Get Team Details",
			"dataMode": "raw",
			"data": [],
			"rawModeData": "{ \"playername\":\"bgerard\", \"teamid\": \"8724\", \"token\":\"eyJhbGciOiJIUzI1NiIsInR5cCI6IkpXVCJ9.eyJ0ZWFtX2lkIjoiODcyNCIsImlhdCI6MTQ4Nzc4MTU1NH0._CX6F8QKjUq4dxbnAtMjW45pHjRev4PEcsbOSWcoZAk\"}",
			"descriptionFormat": "html",
			"description": "",
			"headers": "Content-Type: application/json\n",
			"method": "POST",
			"pathVariables": {},
			"url": "http://178.62.97.13/treasurehunt/api/getteamdetails",
			"preRequestScript": null,
			"tests": null,
			"currentHelper": "normal",
			"helperAttributes": "{}",
			"responses": [],
			"collectionId": "e03cad20-3c71-fee6-dd15-58830462ce94"
		}
	]
}